image_file,width,height,aspect_ratio,rms_contrast,lightness_entropy,complexity,edge_density,mean_L,mean_a,mean_b,color_entropy,mirror_symmetry,balance,fourier_slope,eoe_1st,eoe_2nd,ssim,lpips,lab_ok,rms_ok,edge_ok,eoe_ok,color_entropy_ok,fourier_ok,symmetry_ok,balance_ok,compliance_pct,img_file
19666_544781.jpg,2000,,1.0,21.401,,4.244,64.47,64.365,7.068,13.844,4.124,24.791,13.467,,3.927,0.0007286,,,False,True,False,False,True,False,False,True,37.5,19666_544781.jpg
33552_544769.jpg,2000,,1.0,18.127,,3.588,61.992,68.379,2.318,14.602,3.8,10.195,12.184,,4.412,0.0007393,,,True,True,False,True,True,False,False,True,62.5,33552_544769.jpg
33552_544771.jpg,2000,,1.0,21.813,,3.846,60.444,64.885,2.922,14.132,4.102,24.4,16.551,,4.21,0.0007217,,,True,True,False,True,True,False,False,True,62.5,33552_544771.jpg
40000_544775.jpg,2000,,1.0,18.052,,4.641,70.163,58.547,4.783,16.577,3.87,19.153,10.406,,4.364,0.0006287,,,False,True,False,True,True,False,False,True,50.0,40000_544775.jpg
47507_497369.jpg,2000,,1.0,28.556,,6.656,64.455,64.835,4.814,10.966,3.252,21.093,21.82,,3.237,0.0009013,,,True,True,False,False,True,False,False,False,37.5,47507_497369.jpg
47507_497370.jpg,2000,,1.0,23.792,,6.022,57.297,73.072,4.543,11.223,3.136,11.225,16.942,,3.763,0.000935,,,True,True,False,False,True,False,False,True,50.0,47507_497370.jpg
47507_497371.jpg,2000,,1.0,16.986,,2.519,40.237,83.802,3.641,10.099,3.017,5.032,23.526,,3.239,0.001102,,,True,True,False,False,True,False,False,False,37.5,47507_497371.jpg
47507_497372.jpg,2000,,1.0,23.106,,5.892,66.586,74.73,2.97,8.91,3.386,10.543,18.343,,4.168,0.0007931,,,True,True,False,True,True,False,False,True,62.5,47507_497372.jpg
47510_499273.jpg,900,,1.0,24.67,,9.859,82.062,71.119,5.494,13.283,3.43,16.466,18.443,,3.664,0.0008534,,,True,True,False,False,True,False,False,True,50.0,47510_499273.jpg
47510_499274.jpg,2000,,1.0,19.35,,4.942,53.996,80.656,3.974,11.629,2.865,6.698,17.52,,3.904,0.001058,,,True,True,False,False,False,False,False,True,37.5,47510_499274.jpg
47510_499275.jpg,2000,,1.0,23.049,,6.664,61.163,74.948,5.071,11.762,3.109,12.536,18.587,,3.644,0.0009405,,,True,True,False,False,True,False,False,True,50.0,47510_499275.jpg
61724_495051.jpg,2000,,1.0,4.614,,1.064,13.047,83.106,2.975,14.484,1.895,0.6121,2.467,,3.724,0.001357,,,True,False,False,False,False,False,True,True,37.5,61724_495051.jpg
61724_495052.jpg,2000,,1.0,2.795,,1.098,8.511,82.745,2.915,13.31,2.02,0.4556,2.55,,4.219,0.001334,,,True,False,False,True,False,False,True,True,50.0,61724_495052.jpg
61725_495104.jpg,2000,,1.0,22.628,,3.405,55.717,77.843,6.013,13.027,3.631,17.743,23.599,,2.813,0.0008738,,,False,True,False,False,True,False,False,False,25.0,61725_495104.jpg
61725_495105.jpg,2000,,1.0,2.756,,0.9504,10.025,88.195,2.649,15.772,2.082,0.2756,1.493,,3.98,0.001468,,,True,False,False,False,False,False,True,True,37.5,61725_495105.jpg
61725_495106.jpg,2000,,1.0,3.03,,0.9146,10.182,87.508,3.042,16.575,1.68,0.7617,2.182,,3.975,0.001448,,,True,False,False,False,False,False,True,True,37.5,61725_495106.jpg
61725_495108.jpg,2000,,1.0,2.867,,0.8475,9.239,87.564,3.086,16.114,1.78,0.1701,1.721,,3.894,0.001528,,,True,False,False,False,False,False,True,True,37.5,61725_495108.jpg
61725_495109.jpg,2000,,1.0,2.798,,0.9824,8.113,87.258,2.882,15.959,1.462,0.1519,2.098,,4.267,0.001463,,,True,False,False,True,False,False,True,True,50.0,61725_495109.jpg
61725_495110.jpg,2000,,1.0,2.971,,0.8539,7.977,87.58,3.013,15.659,1.46,1.486,2.328,,4.386,0.0015,,,True,False,False,True,False,False,True,True,50.0,61725_495110.jpg
61726_335012.jpg,2000,,1.0,20.282,,2.345,29.966,23.817,7.898,6.802,3.784,32.975,19.01,,3.781,0.0002959,,,False,True,False,False,True,False,False,True,37.5,61726_335012.jpg
61726_495066.jpg,2000,,1.0,23.214,,3.172,57.305,76.754,5.886,11.128,3.888,11.871,22.266,,3.315,0.0008511,,,True,True,False,False,True,False,False,False,37.5,61726_495066.jpg
61771_176934.jpg,308,,1.0,19.674,,3.985,30.358,88.03,6.92,9.027,3.077,11.629,25.82,,3.309,0.00128,,,False,True,False,False,True,False,False,False,25.0,61771_176934.jpg
61774_547737.jpg,2000,,1.0,18.31,,2.465,38.578,70.612,9.862,14.091,4.242,30.627,14.56,,3.836,0.0005672,,,False,True,False,False,True,False,False,True,37.5,61774_547737.jpg
61774_547738.jpg,2000,,1.0,18.413,,2.47,46.88,67.773,13.51,13.198,4.5,29.358,14.593,,3.861,0.0004452,,,False,True,False,False,True,False,False,True,37.5,61774_547738.jpg
61774_547739.jpg,2000,,1.0,17.812,,4.264,51.565,54.648,23.29,17.718,4.412,41.608,8.769,,3.664,0.0004296,,,False,True,False,False,True,False,False,True,37.5,61774_547739.jpg
61774_547740.jpg,2000,,1.0,13.83,,6.556,34.362,44.636,32.302,22.28,4.176,60.501,9.158,,3.552,0.0004298,,,False,False,False,False,True,False,False,True,25.0,61774_547740.jpg
61776_228657.jpg,2000,,1.0,12.917,,1.898,29.315,89.644,0.2723,2.801,3.971,4.31,17.756,,3.456,0.001093,,,False,False,False,False,True,False,True,True,37.5,61776_228657.jpg
61790_222821.jpg,2000,,1.0,11.033,,1.181,20.051,90.212,1.279,2.396,3.721,1.741,15.308,,3.882,0.001061,,,False,False,False,False,True,False,True,True,37.5,61790_222821.jpg
61790_289418.jpg,2000,,1.0,11.033,,1.181,20.051,90.212,1.279,2.396,3.721,1.741,15.308,,3.882,0.001061,,,False,False,False,False,True,False,True,True,37.5,61790_289418.jpg
61796_487590.jpg,850,,1.125,20.58,,2.638,44.123,83.515,3.618,6.889,3.807,28.146,22.501,,3.728,0.0009221,,,False,True,False,False,True,False,False,False,25.0,61796_487590.jpg
61823_294627.jpg,1998,,1.0,15.603,,2.471,45.605,87.269,1.565,4.462,2.173,10.012,27.338,,4.157,0.000859,,,False,True,False,True,False,False,False,False,25.0,61823_294627.jpg
61825_295893.jpg,1998,,1.0,16.829,,1.349,29.308,92.229,-0.3709,1.953,1.283,4.405,35.747,,3.912,0.001231,,,False,True,False,False,False,False,True,False,25.0,61825_295893.jpg
61861_233085.jpg,1040,,1.261,31.913,,9.489,107.767,77.082,-1.522,-1.182,4.199,19.82,33.303,,4.195,0.0008937,,,False,False,False,True,True,False,False,False,25.0,61861_233085.jpg
61992_257111.jpg,2000,,1.0,22.464,,3.264,67.027,86.951,1.481,5.129,3.027,5.374,36.616,,4.333,0.0009117,,,False,True,False,True,True,False,False,False,37.5,61992_257111.jpg
62129_296643.jpg,2000,,1.0,23.005,,3.049,51.579,82.092,2.991,-0.972,4.347,10.78,30.157,,4.358,0.0007874,,,False,True,False,True,True,False,False,False,37.5,62129_296643.jpg
62131_296649.jpg,2000,,1.0,23.005,,3.049,51.579,82.092,2.991,-0.972,4.347,10.78,30.157,,4.358,0.0007874,,,False,True,False,True,True,False,False,False,37.5,62131_296649.jpg
62453_454881.jpg,2000,,1.0,27.517,,2.809,49.664,68.768,4.481,10.794,4.136,10.666,16.293,,3.712,0.0007183,,,True,True,False,False,True,False,False,True,50.0,62453_454881.jpg
62453_454882.jpg,2000,,1.0,25.989,,3.119,62.186,70.213,6.177,13.29,3.503,13.89,17.874,,3.308,0.0008972,,,False,True,False,False,True,False,False,True,37.5,62453_454882.jpg
62973_463261.jpg,2000,,1.0,20.248,,3.156,53.301,78.379,12.721,25.847,3.893,4.945,21.975,,4.224,0.0007664,,,False,True,False,True,True,False,True,False,50.0,62973_463261.jpg
62973_463262.jpg,2000,,1.0,19.789,,2.622,58.059,75.346,16.56,25.072,4.444,8.251,12.497,,4.335,0.0006204,,,False,True,False,True,True,False,False,True,50.0,62973_463262.jpg
63427_307660.jpg,1360,,1.0,16.719,,2.918,63.307,87.106,4.858,12.448,3.272,33.581,22.039,,4.426,0.0007697,,,True,True,False,True,True,False,False,False,50.0,63427_307660.jpg
63433_307672.jpg,2000,,1.0,25.459,,2.131,59.238,73.378,26.301,16.768,2.913,37.711,21.776,,4.283,0.0008052,,,False,True,False,True,False,False,False,False,25.0,63433_307672.jpg
63755_458603.jpg,2000,,1.0,28.481,,4.039,60.789,77.216,4.909,11.433,3.64,15.162,26.139,,3.544,0.00103,,,True,True,False,False,True,False,False,False,37.5,63755_458603.jpg
63803_306013.jpg,2000,,1.0,23.756,,1.467,30.303,82.831,-0.4969,0.2072,3.632,10.593,26.241,,3.64,0.001073,,,False,True,False,False,True,False,False,False,25.0,63803_306013.jpg
63809_456770.jpg,2000,,1.0,20.551,,3.916,75.268,84.19,2.179,10.438,3.733,2.08,20.792,,4.073,0.000951,,,True,True,False,True,True,False,True,False,62.5,63809_456770.jpg
63809_456771.jpg,2000,,1.0,13.694,,2.894,59.996,88.16,2.136,10.486,4.119,0.4521,13.344,,4.154,0.0007541,,,True,False,False,True,True,False,True,True,62.5,63809_456771.jpg
63809_456772.jpg,2000,,1.0,19.498,,4.411,52.079,85.971,3.19,11.723,3.306,3.523,25.694,,4.071,0.001094,,,True,True,False,True,True,False,True,False,62.5,63809_456772.jpg
63809_456773.jpg,2000,,1.0,24.688,,5.588,90.438,76.26,7.523,12.415,4.396,10.231,18.274,,3.874,0.0007509,,,False,True,False,False,True,False,False,True,37.5,63809_456773.jpg
63809_456774.jpg,2000,,1.0,19.918,,5.4,67.286,83.226,2.098,11.469,4.019,3.858,22.146,,4.08,0.0009354,,,True,True,False,True,True,False,True,False,62.5,63809_456774.jpg
63910_460445.jpg,2000,,1.0,24.26,,4.731,93.709,65.364,6.545,16.572,4.809,22.257,17.203,,4.009,0.0007107,,,False,True,False,True,True,False,False,True,50.0,63910_460445.jpg
63910_460446.jpg,2000,,1.0,22.111,,4.58,84.175,70.687,4.906,16.811,4.451,14.461,19.294,,4.095,0.0008202,,,True,True,False,True,True,False,False,True,62.5,63910_460446.jpg
63910_460447.jpg,2000,,1.0,23.344,,4.237,91.325,71.532,-0.5264,13.427,4.688,9.179,14.973,,4.514,0.0007143,,,True,True,False,True,True,False,False,True,62.5,63910_460447.jpg
63910_460448.jpg,2000,,1.0,21.671,,4.214,89.192,70.658,2.889,16.608,4.521,10.861,16.108,,4.47,0.0007327,,,True,True,False,True,True,False,False,True,62.5,63910_460448.jpg
63941_306021.jpg,900,,1.0,18.084,,9.645,100.625,78.5,11.459,29.017,4.245,41.546,7.017,,3.983,0.0003532,,,False,True,False,False,True,False,False,True,37.5,63941_306021.jpg
63941_306022.jpg,900,,1.0,18.084,,9.645,100.625,78.5,11.459,29.017,4.245,41.546,7.017,,3.983,0.0003532,,,False,True,False,False,True,False,False,True,37.5,63941_306022.jpg
63943_306027.png,334,,0.9881,16.67,,3.959,31.24,92.473,3.293,4.843,1.535,5.614,28.858,,3.983,0.00124,,,False,True,False,False,False,False,False,False,12.5,63943_306027.png
63946_306029.jpg,900,,1.0,15.968,,7.429,97.304,91.294,1.847,9.965,3.941,0.9258,15.57,,4.459,0.0006927,,,True,True,False,True,True,False,True,True,75.0,63946_306029.jpg
63946_306030.jpg,900,,1.0,15.968,,7.429,97.304,91.294,1.847,9.965,3.941,0.9258,15.57,,4.459,0.0006927,,,True,True,False,True,True,False,True,True,75.0,63946_306030.jpg
63948_306031.jpg,900,,1.0,20.161,,7.589,72.639,39.063,8.425,25.995,4.078,64.941,9.155,,4.486,0.0002352,,,False,True,False,True,True,False,False,True,50.0,63948_306031.jpg
63948_306032.jpg,900,,1.0,20.161,,7.589,72.639,39.063,8.425,25.995,4.078,64.941,9.155,,4.486,0.0002352,,,False,True,False,True,True,False,False,True,50.0,63948_306032.jpg
64059_376802.jpg,2000,,1.0,30.204,,10.457,160.746,59.201,11.329,17.801,6.25,23.179,11.815,,4.505,0.0002649,,,False,False,False,True,False,False,False,True,25.0,64059_376802.jpg
64059_376803.jpg,2000,,1.0,25.193,,6.828,131.908,69.62,15.095,18.244,6.219,15.065,10.074,,4.511,0.0003125,,,False,True,False,True,False,False,False,True,37.5,64059_376803.jpg
64059_376804.jpg,2000,,1.0,20.226,,6.682,87.779,85.418,5.484,8.409,5.087,8.177,22.487,,4.546,0.0007195,,,True,True,False,True,True,False,False,False,50.0,64059_376804.jpg
64059_376805.jpg,2000,,1.0,19.051,,4.871,65.812,90.033,5.622,6.581,3.885,7.269,41.532,,4.473,0.0009249,,,False,True,False,True,True,False,False,False,37.5,64059_376805.jpg
64059_376806.jpg,2000,,1.0,16.079,,4.0,54.712,91.889,4.61,5.668,3.709,6.602,38.712,,4.434,0.0009731,,,False,True,False,True,True,False,False,False,37.5,64059_376806.jpg
64305_370447.jpg,2000,,1.0,24.877,,3.562,49.824,85.694,5.739,5.889,3.407,9.536,30.873,,4.312,0.00103,,,False,True,False,True,True,False,False,False,37.5,64305_370447.jpg
64305_370448.jpg,2000,,1.0,25.046,,3.209,48.983,86.594,4.899,5.277,3.177,9.378,34.903,,4.259,0.001059,,,False,True,False,True,True,False,False,False,37.5,64305_370448.jpg
64305_370449.jpg,2000,,1.0,32.361,,4.263,75.666,50.786,24.219,18.972,4.789,46.828,23.487,,4.368,0.0004818,,,False,False,False,True,True,False,False,False,25.0,64305_370449.jpg
64305_370450.jpg,2000,,1.0,29.736,,4.198,57.272,68.405,8.077,9.707,4.556,29.421,21.893,,4.224,0.0006699,,,False,True,False,True,True,False,False,False,37.5,64305_370450.jpg
64360_512643.jpg,2000,,1.0,16.451,,2.361,44.754,81.943,4.064,14.326,3.463,4.934,17.612,,3.796,0.0009773,,,True,True,False,False,True,False,True,True,62.5,64360_512643.jpg
64360_512644.jpg,2000,,1.0,12.501,,1.86,35.923,84.332,3.099,14.323,3.926,10.703,15.016,,4.116,0.0008443,,,True,False,False,True,True,False,False,True,50.0,64360_512644.jpg
64360_512645.jpg,2000,,1.0,18.516,,2.875,51.329,79.557,5.125,16.416,3.412,5.165,21.442,,3.319,0.0011,,,True,True,False,False,True,False,False,False,37.5,64360_512645.jpg
64375_300802.jpg,450,,1.0,10.328,,4.111,38.485,96.391,2.601,0.8706,2.63,2.847,20.8,,4.189,0.001253,,,False,False,False,True,False,False,True,False,25.0,64375_300802.jpg
64378_305577.jpg,2000,,1.0,19.876,,1.4,29.947,89.357,0.9278,-1.096,2.005,4.73,26.456,,3.997,0.001143,,,False,True,False,False,False,False,True,False,25.0,64378_305577.jpg
64385_283475.jpeg,2000,,1.0,13.813,,0.9992,21.348,96.157,0.2662,0.5431,1.172,0.4301,47.701,,3.894,0.001448,,,False,False,False,False,False,False,True,False,12.5,64385_283475.jpeg
64386_515377.jpg,2000,,1.0,34.276,,2.883,59.809,55.378,0.4373,7.587,4.112,27.457,15.412,,3.758,0.000787,,,False,False,False,False,True,False,False,True,25.0,64386_515377.jpg
64386_515378.jpg,2000,,1.0,27.864,,2.734,47.835,71.56,2.975,12.509,3.592,11.949,25.777,,3.59,0.001063,,,True,True,False,False,True,False,False,False,37.5,64386_515378.jpg
64386_515379.jpg,2000,,1.0,27.819,,3.207,56.285,67.676,4.729,15.25,3.622,15.686,22.579,,2.831,0.001103,,,True,True,False,False,True,False,False,False,37.5,64386_515379.jpg
64426_472288.jpg,2000,,1.0,14.477,,2.09,50.01,88.229,0.7422,6.919,3.705,3.379,12.69,,3.891,0.001073,,,False,False,False,False,True,False,True,True,37.5,64426_472288.jpg
64426_472289.jpg,2000,,1.0,22.67,,4.953,72.078,79.261,0.502,7.636,4.314,7.99,21.008,,3.776,0.000814,,,False,True,False,False,True,False,False,False,25.0,64426_472289.jpg
64426_472290.jpg,2000,,1.0,15.772,,2.937,41.161,86.02,1.187,6.844,3.615,1.888,18.17,,4.294,0.001119,,,False,True,False,True,True,False,True,True,62.5,64426_472290.jpg
64426_472291.jpg,2000,,1.0,25.104,,4.085,76.805,64.952,1.037,7.833,4.905,17.318,17.558,,3.453,0.0007171,,,False,True,False,False,True,False,False,True,37.5,64426_472291.jpg
64426_472292.jpg,2000,,1.0,15.904,,3.245,36.68,82.981,2.369,7.903,3.391,2.74,17.714,,3.967,0.001154,,,False,True,False,False,True,False,True,True,50.0,64426_472292.jpg
64437_294584.jpg,900,,1.0,26.33,,4.025,41.974,87.115,1.284,2.232,2.259,7.368,40.999,,3.943,0.001097,,,False,True,False,False,False,False,False,False,12.5,64437_294584.jpg
64445_327943.jpg,900,,1.0,14.0,,3.448,37.921,84.901,1.772,-0.7773,4.568,2.682,16.466,,4.323,0.0009245,,,False,False,False,True,True,False,True,True,50.0,64445_327943.jpg
64445_327944.jpg,900,,1.0,14.0,,3.448,37.921,84.901,1.772,-0.7773,4.568,2.682,16.466,,4.323,0.0009245,,,False,False,False,True,True,False,True,True,50.0,64445_327944.jpg
64533_351043.jpg,1333,,1.501,11.377,,2.291,25.535,88.849,1.142,1.818,3.898,4.992,25.856,,3.919,0.0009706,,,False,False,False,False,True,False,True,False,25.0,64533_351043.jpg
64632_525924.jpg,2000,,1.0,33.367,,3.382,76.556,59.603,8.522,11.642,4.256,16.044,16.114,,4.244,0.0007396,,,False,False,False,True,True,False,False,True,37.5,64632_525924.jpg
64632_525925.jpg,2000,,1.0,28.269,,2.95,67.086,61.289,4.353,13.234,4.217,19.681,12.507,,3.666,0.0008625,,,True,True,False,False,True,False,False,True,50.0,64632_525925.jpg
64632_525926.jpg,2000,,1.0,24.916,,2.739,53.876,72.453,7.227,13.002,3.814,13.481,16.756,,4.155,0.001073,,,False,True,False,True,True,False,False,True,50.0,64632_525926.jpg
64632_525927.jpg,2000,,1.0,24.908,,4.304,83.037,29.174,29.995,20.028,4.04,82.833,15.836,,4.353,0.000285,,,False,True,False,True,True,False,False,True,50.0,64632_525927.jpg
64632_525928.jpg,2000,,1.0,29.561,,2.976,67.355,57.243,16.988,15.328,4.298,31.596,17.367,,3.345,0.0006745,,,False,True,False,False,True,False,False,True,37.5,64632_525928.jpg
64632_525929.jpg,2000,,1.0,30.719,,3.216,69.48,65.577,9.303,12.564,4.447,19.694,15.145,,4.16,0.0008543,,,False,False,False,True,True,False,False,True,37.5,64632_525929.jpg
64671_200405.png,2362,,1.0,19.658,,3.157,55.603,80.17,0.9839,-10.4921,3.155,3.534,7.005,,3.936,0.0009599,,,False,True,False,False,True,False,True,True,50.0,64671_200405.png
64671_274729.jpg,2000,,1.0,18.296,,3.452,58.826,93.144,-0.07024,0.2167,1.431,2.33,17.818,,4.199,0.001212,,,False,True,False,True,False,False,True,True,50.0,64671_274729.jpg
64696_249264.jpg,2000,,1.0,20.059,,4.904,60.047,86.02,3.58,8.601,5.155,7.233,35.659,,4.448,0.0008138,,,True,True,False,True,True,False,False,False,50.0,64696_249264.jpg
64696_249265.jpg,2000,,1.0,21.522,,4.328,59.875,84.717,3.965,7.379,5.464,9.692,34.701,,4.222,0.0008002,,,False,True,False,True,True,False,False,False,37.5,64696_249265.jpg
64696_249266.jpg,2000,,1.0,23.311,,4.591,64.419,82.994,4.479,9.264,5.286,14.151,29.521,,4.349,0.0008021,,,True,True,False,True,True,False,False,False,50.0,64696_249266.jpg
64696_249267.jpg,2000,,1.0,21.842,,4.773,61.662,84.01,4.388,7.625,5.319,13.985,31.442,,4.144,0.000762,,,False,True,False,True,True,False,False,False,37.5,64696_249267.jpg
64696_249268.jpg,2000,,1.0,21.77,,3.737,54.351,84.839,4.318,7.002,5.3,9.841,35.65,,4.024,0.0008629,,,False,True,False,True,True,False,False,False,37.5,64696_249268.jpg
64937_306055.jpg,662,,1.0,10.32,,1.939,24.402,96.721,-0.02707,0.3636,1.23,1.721,38.92,,2.476,0.001422,,,False,False,False,False,False,False,True,False,12.5,64937_306055.jpg
64943_333849.jpg,2000,,1.0,26.453,,3.902,40.8,31.225,7.819,7.1,4.137,29.204,18.366,,3.596,0.0002526,,,False,True,False,False,True,False,False,True,37.5,64943_333849.jpg
64943_495053.jpg,2000,,1.0,22.633,,3.504,61.871,73.694,6.416,12.535,3.928,11.73,18.329,,3.204,0.0007857,,,False,True,False,False,True,False,False,True,37.5,64943_495053.jpg
65023_306057.jpg,2000,,1.0,20.379,,3.22,57.748,81.318,11.745,1.187,4.049,30.435,21.203,,4.073,0.000696,,,False,True,False,True,True,False,False,False,37.5,65023_306057.jpg
65028_306059.jpg,2000,,1.0,18.17,,3.264,51.961,84.345,4.644,4.472,3.583,37.647,26.159,,4.175,0.0006773,,,False,True,False,True,True,False,False,False,37.5,65028_306059.jpg
65031_306060.jpg,2000,,1.0,18.231,,3.386,73.539,79.161,3.928,4.758,5.332,24.451,13.326,,4.253,0.0005257,,,False,True,False,True,True,False,False,True,50.0,65031_306060.jpg
65032_306061.jpg,2000,,1.0,20.407,,2.784,59.886,83.58,2.048,-0.003486,3.326,20.415,26.672,,4.211,0.0007655,,,False,True,False,True,True,False,False,False,37.5,65032_306061.jpg
65083_184787.jpg,2000,,1.0,13.908,,3.722,45.308,85.396,-0.05602,-0.1648,4.175,1.969,15.992,,4.237,0.0008423,,,False,False,False,True,True,False,True,True,50.0,65083_184787.jpg
65102_292206.jpg,900,,1.0,30.995,,3.532,47.851,64.517,0.8593,1.155,3.693,29.591,17.237,,3.249,0.0005608,,,False,False,False,False,True,False,False,True,25.0,65102_292206.jpg
65103_306062.jpeg,1998,,1.0,13.061,,1.022,30.858,91.981,1.0,-3.6,2.056,2.658,15.837,,3.922,0.001117,,,False,False,False,False,False,False,True,True,25.0,65103_306062.jpeg
65104_311273.jpg,2000,,1.0,33.636,,8.654,83.632,54.437,0.8289,0.1946,3.743,45.081,12.173,,4.264,0.0004865,,,False,False,False,True,True,False,False,True,37.5,65104_311273.jpg
65105_311705.jpg,900,,1.0,30.174,,8.617,70.124,38.081,2.238,-1.684,4.5,75.568,11.114,,4.075,0.0002868,,,False,False,False,True,True,False,False,True,37.5,65105_311705.jpg
65107_504613.jpg,2000,,1.0,10.843,,1.874,45.434,82.816,2.157,2.759,4.286,7.398,7.531,,4.365,0.0004579,,,False,False,False,True,True,False,False,True,37.5,65107_504613.jpg
65107_504614.jpg,2000,,1.0,12.438,,2.451,49.773,81.403,2.008,1.741,4.709,9.616,8.437,,4.456,0.0004346,,,False,False,False,True,True,False,False,True,37.5,65107_504614.jpg
65107_504615.jpg,2000,,1.0,22.933,,3.002,55.795,75.085,5.735,13.264,3.972,6.718,15.782,,3.905,0.0007317,,,True,True,False,False,True,False,False,True,50.0,65107_504615.jpg
65107_504616.jpg,2000,,1.0,10.832,,2.177,45.923,84.189,2.606,5.196,4.477,3.303,7.539,,4.458,0.0004673,,,False,False,False,True,True,False,True,True,50.0,65107_504616.jpg
65223_306068.jpeg,1998,,1.0,13.061,,1.022,30.858,91.981,1.0,-3.6,2.056,2.658,15.837,,3.922,0.001117,,,False,False,False,False,False,False,True,True,25.0,65223_306068.jpeg
65411_487092.jpg,2000,,1.0,18.45,,3.837,64.433,77.176,11.209,20.363,3.407,8.542,19.931,,3.449,0.0008785,,,False,True,False,False,True,False,False,True,37.5,65411_487092.jpg
65411_487093.jpg,2000,,1.0,15.247,,5.263,78.621,69.311,12.257,25.773,3.179,7.947,7.063,,4.376,0.0003137,,,False,True,False,True,True,False,False,True,50.0,65411_487093.jpg
65411_487094.jpg,2000,,1.0,15.268,,5.324,53.374,69.77,26.452,30.194,3.616,35.405,12.939,,4.152,0.0005754,,,False,True,False,True,True,False,False,True,50.0,65411_487094.jpg
65421_337494.jpeg,900,,1.0,32.902,,8.665,90.897,59.704,11.027,11.326,4.919,63.031,11.062,,3.909,0.0005123,,,False,False,False,False,True,False,False,True,25.0,65421_337494.jpeg
65622_478329.jpg,2000,,1.0,21.42,,3.282,38.055,71.679,1.181,-0.1004,4.502,16.577,16.077,,3.793,0.0007813,,,False,True,False,False,True,False,False,True,37.5,65622_478329.jpg
65622_478330.jpg,2000,,1.0,23.147,,5.151,47.033,69.487,-0.6609,-1.563,4.814,18.743,19.639,,3.699,0.0007498,,,False,True,False,False,True,False,False,True,37.5,65622_478330.jpg
65622_478331.jpg,2000,,1.0,23.419,,3.662,41.478,65.017,1.046,-2.641,4.848,25.624,16.387,,3.867,0.0007192,,,False,True,False,False,True,False,False,True,37.5,65622_478331.jpg
65622_478332.jpg,2000,,1.0,18.146,,3.098,40.15,75.065,4.69,9.075,3.171,5.39,18.94,,2.636,0.001033,,,True,True,False,False,True,False,False,True,50.0,65622_478332.jpg
65667_492006.jpg,2000,,1.0,30.513,,14.993,172.48,29.418,8.068,12.547,5.542,46.028,10.832,,4.158,0.0001448,,,False,False,False,True,True,False,False,True,37.5,65667_492006.jpg
65667_492007.jpg,2000,,1.0,31.146,,11.942,118.216,44.711,9.717,17.616,5.018,41.267,15.226,,4.286,0.0003414,,,False,False,False,True,True,False,False,True,37.5,65667_492007.jpg
65667_492008.jpg,2000,,1.0,29.904,,9.18,96.341,60.149,9.126,18.911,4.439,24.008,17.741,,4.201,0.0005529,,,False,True,False,True,True,False,False,True,50.0,65667_492008.jpg
65667_492009.jpg,2000,,1.0,30.034,,7.196,78.42,67.711,6.996,16.769,4.223,13.85,26.856,,4.284,0.0007562,,,False,False,False,True,True,False,False,False,25.0,65667_492009.jpg
65667_492010.jpg,2000,,1.0,25.933,,7.375,98.399,68.335,8.0,18.29,4.367,7.488,16.197,,3.811,0.0007414,,,False,True,False,False,True,False,False,True,37.5,65667_492010.jpg
65667_492011.jpg,2000,,1.0,21.355,,6.243,76.256,78.158,5.709,15.639,3.75,13.432,23.153,,3.741,0.0009139,,,True,True,False,False,True,False,False,False,37.5,65667_492011.jpg
65761_295231.jpg,900,,1.0,18.171,,2.71,33.555,92.129,3.489,3.384,2.64,3.059,48.998,,4.058,0.001139,,,False,True,False,True,False,False,True,False,37.5,65761_295231.jpg
65764_403317.jpg,2000,,1.0,9.471,,1.524,28.594,89.482,0.624,5.956,2.701,1.154,12.886,,4.333,0.001008,,,False,False,False,True,False,False,True,True,37.5,65764_403317.jpg
65764_403318.jpg,2000,,1.0,9.471,,1.524,28.594,89.482,0.624,5.956,2.701,1.154,12.886,,4.333,0.001008,,,False,False,False,True,False,False,True,True,37.5,65764_403318.jpg
65870_321480.jpeg,1368,,1.006,34.586,,14.35,322.977,50.536,6.237,-2.638,5.822,34.462,4.062,,1.974,0.0002409,,,False,False,False,False,True,False,False,True,25.0,65870_321480.jpeg
65881_312871.jpg,2000,,1.0,27.666,,1.517,27.996,81.317,0.4893,-1.54,2.474,12.838,30.68,,3.39,0.001129,,,False,True,False,False,False,False,False,False,12.5,65881_312871.jpg
65882_312886.jpg,2000,,1.0,27.148,,1.453,27.032,81.958,0.504,-1.723,2.303,13.363,30.11,,3.434,0.001143,,,False,True,False,False,False,False,False,False,12.5,65882_312886.jpg
65883_312870.jpg,2000,,1.0,27.501,,1.395,26.738,84.352,0.2676,0.07582,1.525,13.46,38.89,,3.318,0.001187,,,False,True,False,False,False,False,False,False,12.5,65883_312870.jpg
65885_312868.jpg,2000,,1.0,27.931,,3.54,48.297,78.017,1.308,-0.6993,3.403,11.295,23.526,,3.995,0.0008899,,,False,True,False,False,True,False,False,False,25.0,65885_312868.jpg
65887_312869.jpg,2000,,1.0,28.112,,3.313,43.25,78.079,1.317,-0.7978,3.279,12.544,21.925,,3.822,0.000895,,,False,True,False,False,True,False,False,False,25.0,65887_312869.jpg
65888_312885.jpg,2000,,1.0,26.305,,1.382,25.594,83.018,0.5084,-1.665,2.206,12.506,30.79,,3.372,0.001177,,,False,True,False,False,False,False,False,False,12.5,65888_312885.jpg
65901_491828.jpg,2000,,1.0,32.461,,7.71,135.91,31.285,6.138,6.932,5.949,52.032,14.883,,3.928,0.0002094,,,False,False,False,False,True,False,False,True,25.0,65901_491828.jpg
65901_491829.jpg,2000,,1.0,35.024,,8.89,128.188,40.519,4.429,5.233,5.697,49.02,15.891,,3.674,0.0002532,,,False,False,False,False,True,False,False,True,25.0,65901_491829.jpg
65901_491830.jpg,2000,,1.0,30.739,,6.788,86.657,65.955,3.376,6.004,5.23,17.262,17.449,,4.067,0.0005418,,,False,False,False,True,True,False,False,True,37.5,65901_491830.jpg
65901_491831.jpg,2000,,1.0,26.624,,4.853,65.22,74.533,3.274,7.726,4.562,8.09,24.47,,4.118,0.0007514,,,False,True,False,True,True,False,False,False,37.5,65901_491831.jpg
65901_491832.jpg,2000,,1.0,23.752,,4.867,81.537,73.377,6.859,13.881,4.409,6.499,18.187,,3.48,0.0008598,,,False,True,False,False,True,False,False,True,37.5,65901_491832.jpg
65901_491833.jpg,2000,,1.0,23.882,,4.471,64.827,77.419,5.123,12.838,3.723,5.645,25.3,,3.51,0.001019,,,True,True,False,False,True,False,False,False,37.5,65901_491833.jpg
65905_492016.jpg,2000,,1.0,28.507,,11.828,151.11,26.599,7.721,10.405,5.406,62.137,10.541,,3.768,0.0002055,,,False,True,False,False,True,False,False,True,37.5,65905_492016.jpg
65905_492017.jpg,2000,,1.0,32.338,,10.456,101.165,44.219,7.944,15.921,5.219,45.892,17.848,,4.046,0.0003797,,,False,False,False,True,True,False,False,True,37.5,65905_492017.jpg
65905_492018.jpg,2000,,1.0,29.917,,7.184,76.733,63.937,7.517,17.724,4.213,19.899,23.84,,3.999,0.0007467,,,False,True,False,False,True,False,False,False,25.0,65905_492018.jpg
65905_492019.jpg,2000,,1.0,28.919,,7.19,93.772,68.205,7.649,16.429,4.491,9.178,18.256,,3.589,0.0007439,,,False,True,False,False,True,False,False,True,37.5,65905_492019.jpg
65905_492020.jpg,2000,,1.0,21.905,,6.438,74.849,77.115,5.381,15.289,4.003,13.806,23.439,,3.705,0.0009633,,,True,True,False,False,True,False,False,False,37.5,65905_492020.jpg
65906_300623.jpg,2000,,1.0,37.101,,11.894,340.97,56.796,4.15,-0.9945,5.409,30.075,7.527,,3.481,0.0003316,,,False,False,False,False,True,False,False,True,25.0,65906_300623.jpg
65907_491818.jpg,2000,,1.0,21.357,,4.772,77.446,70.336,8.211,15.745,4.12,6.775,14.484,,3.174,0.0008246,,,False,True,False,False,True,False,False,True,37.5,65907_491818.jpg
65907_491819.jpg,2000,,1.0,21.682,,4.309,60.382,75.814,6.309,14.567,3.325,7.523,21.431,,3.165,0.001062,,,False,True,False,False,True,False,False,False,25.0,65907_491819.jpg
65930_304415.jpg,900,,1.0,8.72,,3.182,45.393,90.896,0.9683,4.213,3.661,6.291,13.443,,3.98,0.0008533,,,False,False,False,False,True,False,False,True,25.0,65930_304415.jpg
65930_304416.jpg,900,,1.0,8.72,,3.182,45.393,90.896,0.9683,4.213,3.661,6.291,13.443,,3.98,0.0008533,,,False,False,False,False,True,False,False,True,25.0,65930_304416.jpg
65931_304413.jpg,900,,1.0,12.69,,2.699,37.161,88.169,0.9645,2.074,3.012,12.193,22.271,,3.641,0.0009156,,,False,False,False,False,True,False,False,False,12.5,65931_304413.jpg
65931_304414.jpg,900,,1.0,12.69,,2.699,37.161,88.169,0.9645,2.074,3.012,12.193,22.271,,3.641,0.0009156,,,False,False,False,False,True,False,False,False,12.5,65931_304414.jpg
65988_306070.jpg,900,,1.0,17.875,,4.101,35.938,84.016,2.475,4.158,3.411,23.008,27.881,,3.607,0.0008867,,,False,True,False,False,True,False,False,False,25.0,65988_306070.jpg
65988_306071.jpg,900,,1.0,17.875,,4.101,35.938,84.016,2.475,4.158,3.411,23.008,27.881,,3.607,0.0008867,,,False,True,False,False,True,False,False,False,25.0,65988_306071.jpg
66113_295724.jpg,1200,,1.0,42.269,,4.919,72.033,48.901,2.0,0.3618,3.821,45.807,23.169,,3.781,0.0005731,,,False,False,False,False,True,False,False,False,12.5,66113_295724.jpg
66125_300803.jpg,900,,1.0,21.171,,6.35,79.409,64.723,7.688,11.452,5.188,33.169,13.322,,4.382,0.0004176,,,False,True,False,True,True,False,False,True,50.0,66125_300803.jpg
66126_300805.jpg,900,,1.0,20.203,,6.146,75.279,68.569,6.362,9.6,5.055,24.971,13.067,,4.379,0.0004142,,,False,True,False,True,True,False,False,True,50.0,66126_300805.jpg
66149_461015.jpg,2000,,1.0,22.952,,2.278,47.838,66.873,2.045,10.034,4.427,13.633,19.326,,3.384,0.0007897,,,True,True,False,False,True,False,False,True,50.0,66149_461015.jpg
66149_461016.jpg,2000,,1.0,14.293,,1.801,28.425,82.51,3.637,9.068,3.869,4.855,13.935,,4.021,0.001106,,,True,False,False,True,True,False,True,True,62.5,66149_461016.jpg
66149_461017.jpg,2000,,1.0,13.318,,1.563,34.599,77.429,8.852,8.515,4.331,6.002,15.342,,4.382,0.0007822,,,False,False,False,True,True,False,False,True,37.5,66149_461017.jpg
66149_461018.jpg,2000,,1.0,13.735,,1.961,29.68,82.436,3.594,10.267,3.417,3.678,14.304,,3.781,0.001153,,,True,False,False,False,True,False,True,True,50.0,66149_461018.jpg
66316_309976.jpg,900,,1.0,14.134,,3.219,35.193,81.384,0.1202,0.9977,1.915,35.375,19.969,,4.129,0.001091,,,False,False,False,True,False,False,False,True,25.0,66316_309976.jpg
66337_493027.jpg,2000,,1.0,21.594,,3.782,62.41,76.216,4.285,11.011,3.147,8.018,21.564,,4.45,0.0009584,,,True,True,False,True,True,False,False,False,50.0,66337_493027.jpg
66337_493030.jpg,2000,,1.0,26.055,,3.913,73.504,62.448,2.385,12.431,4.308,23.007,16.041,,4.217,0.000725,,,True,True,False,True,True,False,False,True,62.5,66337_493030.jpg
66337_493031.jpg,2000,,1.0,26.7,,6.862,128.109,51.472,17.033,23.522,5.11,36.723,9.399,,4.487,0.0002912,,,False,True,False,True,True,False,False,True,50.0,66337_493031.jpg
66337_493032.jpg,2000,,1.0,28.847,,6.049,110.454,63.629,4.35,14.601,4.555,21.134,15.851,,4.501,0.0005673,,,True,True,False,True,True,False,False,True,62.5,66337_493032.jpg
66460_302603.jpg,2000,,1.0,34.132,,3.149,56.871,75.444,0.1814,2.423,3.087,17.606,32.739,,4.033,0.001,,,False,False,False,True,True,False,False,False,25.0,66460_302603.jpg
66461_302607.jpg,2000,,1.0,7.318,,1.661,25.4,90.562,1.15,1.567,3.235,0.2437,7.525,,3.778,0.001006,,,False,False,False,False,True,False,True,True,37.5,66461_302607.jpg
66463_302606.jpg,2000,,1.0,16.936,,3.024,56.705,88.065,2.347,3.254,2.926,2.792,21.487,,3.792,0.001077,,,False,True,False,False,False,False,True,False,25.0,66463_302606.jpg
66464_302604.jpg,2000,,1.0,6.916,,1.517,22.215,91.056,0.3633,2.413,2.628,0.1543,9.113,,4.067,0.001116,,,False,False,False,True,False,False,True,True,37.5,66464_302604.jpg
66469_322415.jpg,1029,,0.7772,7.352,,1.346,18.552,98.536,-0.4009,1.484,1.524,0.8838,33.249,,4.346,0.001396,,,False,False,False,True,False,False,True,False,25.0,66469_322415.jpg
66471_322416.jpg,1029,,0.7772,6.899,,0.9867,13.041,98.694,-0.3694,0.2236,0.9725,1.142,62.103,,3.401,0.001531,,,False,False,False,False,False,False,True,False,12.5,66471_322416.jpg
66472_322417.jpg,1029,,0.7772,5.867,,1.441,17.853,98.493,0.1089,1.564,1.574,1.312,33.248,,4.235,0.00133,,,False,False,False,True,False,False,True,False,25.0,66472_322417.jpg
66473_322418.jpg,1029,,0.7772,4.005,,1.265,14.0,99.138,0.02837,0.6393,1.263,1.059,18.516,,4.325,0.001383,,,False,False,False,True,False,False,True,True,37.5,66473_322418.jpg
66475_322419.jpg,764,,0.7767,5.51,,1.677,18.528,98.57,-0.0322,1.401,1.815,1.383,14.48,,4.025,0.001267,,,False,False,False,True,False,False,True,True,37.5,66475_322419.jpg
66478_322425.jpg,1029,,0.7772,2.204,,0.6602,8.376,99.581,-0.04186,0.4529,1.165,0.6275,24.771,,3.964,0.001408,,,False,False,False,False,False,False,True,False,12.5,66478_322425.jpg
66533_394029.jpg,900,,1.0,9.562,,1.298,19.715,91.1,4.369,9.352,2.758,22.901,25.489,,2.982,0.001066,,,True,False,False,False,False,False,False,False,12.5,66533_394029.jpg
66536_349337.jpg,2000,,1.0,25.991,,2.014,40.422,80.877,-0.2952,-3.903,3.083,26.879,31.645,,3.359,0.0009506,,,False,True,False,False,True,False,False,False,25.0,66536_349337.jpg
66536_349338.jpg,2000,,1.0,25.991,,2.014,40.422,80.877,-0.2952,-3.903,3.083,26.879,31.645,,3.359,0.0009506,,,False,True,False,False,True,False,False,False,25.0,66536_349338.jpg
66568_322426.jpg,900,,1.0,2.648,,0.6839,7.627,99.595,0.01123,0.0279,0.2086,0.4213,23.645,,4.193,0.001483,,,False,False,False,True,False,False,True,False,25.0,66568_322426.jpg
66575_322427.jpg,899,,1.002,4.704,,0.7903,10.284,98.795,0.1599,0.3587,1.02,2.427,52.787,,4.299,0.001494,,,False,False,False,True,False,False,True,False,25.0,66575_322427.jpg
66580_305516.jpeg,1455,,1.01,3.297,,0.7655,10.18,99.529,0.04753,0.2046,0.8156,0.1477,30.957,,4.321,0.001421,,,False,False,False,True,False,False,True,False,25.0,66580_305516.jpeg
67062_507809.jpg,2000,,1.0,25.219,,3.096,44.348,76.853,7.48,12.098,3.862,5.771,28.213,,4.195,0.0009585,,,False,True,False,True,True,False,False,False,37.5,67062_507809.jpg
67062_507810.jpg,2000,,1.0,22.694,,4.133,64.443,75.292,7.635,14.57,4.217,6.135,22.891,,4.385,0.0007194,,,False,True,False,True,True,False,False,False,37.5,67062_507810.jpg
67062_507811.jpg,2000,,1.0,34.872,,9.568,157.021,54.249,14.896,24.252,5.056,26.247,17.232,,4.506,0.0001147,,,False,False,False,True,True,False,False,True,37.5,67062_507811.jpg
67068_198163.jpg,2000,,1.0,29.597,,2.322,55.659,79.336,0.6521,-2.558,3.145,16.664,28.863,,3.847,0.0009346,,,False,True,False,False,True,False,False,False,25.0,67068_198163.jpg
67070_306074.jpg,2000,,1.0,29.597,,2.322,55.659,79.336,0.6521,-2.558,3.145,16.664,28.863,,3.847,0.0009346,,,False,True,False,False,True,False,False,False,25.0,67070_306074.jpg
67230_314531.jpg,2000,,1.0,8.887,,1.446,26.258,88.118,1.134,5.745,3.869,3.478,13.058,,4.124,0.0008491,,,False,False,False,True,True,False,True,True,50.0,67230_314531.jpg
67230_314532.jpg,2000,,1.0,15.475,,1.937,33.383,86.724,4.073,3.834,4.51,3.354,20.945,,3.845,0.0008508,,,False,True,False,False,True,False,True,False,37.5,67230_314532.jpg
67306_460820.jpg,2000,,1.0,25.353,,2.858,72.622,67.507,-0.3157,10.419,4.549,10.406,19.695,,3.764,0.0007363,,,True,True,False,False,True,False,False,True,50.0,67306_460820.jpg
67306_460821.jpg,2000,,1.0,14.015,,2.102,36.298,81.696,1.754,10.761,3.125,2.593,10.067,,4.196,0.001118,,,True,False,False,True,True,False,True,True,62.5,67306_460821.jpg
67306_460822.jpg,2000,,1.0,15.925,,2.071,39.237,81.991,1.155,10.188,3.537,4.962,10.634,,4.236,0.001107,,,True,True,False,True,True,False,True,True,75.0,67306_460822.jpg
67306_460823.jpg,2000,,1.0,23.879,,3.07,70.179,75.7,-1.903,11.828,4.301,11.487,24.115,,4.278,0.0008568,,,True,True,False,True,True,False,False,False,50.0,67306_460823.jpg
67361_309979.jpg,1572,,1.339,11.865,,3.154,42.903,82.989,9.481,5.161,3.682,40.21,19.444,,4.445,0.0007587,,,False,False,False,True,True,False,False,True,37.5,67361_309979.jpg
67553_199203.jpg,4000,,1.0,29.914,,1.41,77.997,78.762,5.633,6.033,3.023,23.53,26.653,,4.256,0.0008583,,,False,True,False,True,True,False,False,False,37.5,67553_199203.jpg
67611_346448.jpg,1200,,1.0,24.08,,8.207,66.685,69.94,2.581,0.3918,4.734,11.21,18.4,,4.497,0.0005976,,,False,True,False,True,True,False,False,True,50.0,67611_346448.jpg
67659_318561.jpeg,1000,,1.0,23.609,,8.549,121.928,88.198,1.084,1.25,1.368,2.491,13.936,,3.513,0.000814,,,False,True,False,False,False,False,True,True,37.5,67659_318561.jpeg
67660_543047.jpg,2000,,1.0,19.378,,2.096,41.208,75.408,4.728,14.687,2.824,4.61,17.451,,3.792,0.001206,,,True,True,False,False,False,False,True,True,50.0,67660_543047.jpg
67660_543048.jpg,2000,,1.0,30.502,,3.283,58.967,63.913,5.644,9.818,4.052,23.025,22.545,,4.159,0.0008061,,,True,False,False,True,True,False,False,False,37.5,67660_543048.jpg
67660_543049.jpg,2000,,1.0,31.578,,4.399,75.515,57.614,8.483,8.836,4.653,22.298,18.679,,3.983,0.0006138,,,False,False,False,False,True,False,False,True,25.0,67660_543049.jpg
67665_546813.jpg,2000,,1.0,17.419,,1.85,38.739,83.289,4.553,9.781,3.37,9.904,23.166,,3.979,0.001128,,,True,True,False,False,True,False,False,False,37.5,67665_546813.jpg
67665_546814.jpg,2000,,1.0,25.098,,2.114,48.148,77.137,4.992,9.375,3.758,17.21,29.365,,4.118,0.0009942,,,True,True,False,True,True,False,False,False,50.0,67665_546814.jpg
67665_546815.jpg,2000,,1.0,26.111,,2.979,55.017,73.433,3.58,-0.3771,4.123,15.843,12.153,,2.979,0.0008445,,,False,True,False,False,True,False,False,True,37.5,67665_546815.jpg
67674_479465.jpg,2000,,1.0,20.728,,5.312,70.592,74.862,8.072,15.796,3.115,6.916,22.867,,3.137,0.0009244,,,False,True,False,False,True,False,False,False,25.0,67674_479465.jpg
67674_479466.jpg,2000,,1.0,30.014,,7.529,113.02,59.767,9.192,18.279,4.349,23.104,17.082,,4.178,0.0005393,,,False,False,False,True,True,False,False,True,37.5,67674_479466.jpg
67674_479467.jpg,2000,,1.0,23.419,,6.003,70.469,69.153,9.123,18.003,3.562,13.684,15.144,,4.16,0.0007505,,,False,True,False,True,True,False,False,True,50.0,67674_479467.jpg
67674_479468.jpg,2000,,1.0,18.355,,3.003,35.838,75.224,6.247,8.803,3.683,6.448,18.792,,3.369,0.0008541,,,False,True,False,False,True,False,False,True,37.5,67674_479468.jpg
67684_479462.jpg,2000,,1.0,23.439,,3.873,59.305,71.144,4.149,3.04,4.357,6.379,15.837,,4.003,0.0008035,,,False,True,False,True,True,False,False,True,50.0,67684_479462.jpg
67684_479463.jpg,2000,,1.0,30.097,,6.273,89.762,59.06,6.395,3.56,5.095,21.576,14.217,,4.203,0.000559,,,False,False,False,True,True,False,False,True,37.5,67684_479463.jpg
67684_479464.jpg,2000,,1.0,20.313,,3.843,54.221,73.775,5.607,7.449,3.587,14.337,14.838,,2.998,0.0008967,,,False,True,False,False,True,False,False,True,37.5,67684_479464.jpg
67723_199222.jpg,3000,,1.0,27.004,,3.891,53.367,86.349,1.876,3.869,2.227,7.116,43.166,,4.284,0.001178,,,False,True,False,True,False,False,False,False,25.0,67723_199222.jpg
67724_199123.png,1192,,1.066,25.014,,3.077,53.082,80.529,7.182,8.668,3.129,10.13,29.815,,4.203,0.001156,,,False,True,False,True,True,False,False,False,37.5,67724_199123.png
67726_198788.png,1149,,1.156,22.285,,5.203,81.93,83.47,3.115,11.35,3.332,10.116,24.326,,4.413,0.001006,,,True,True,False,True,True,False,False,False,50.0,67726_198788.png
67727_198887.png,1137,,1.166,20.44,,3.596,62.37,85.588,3.805,9.419,2.345,11.414,26.424,,4.268,0.001161,,,True,True,False,True,False,False,False,False,37.5,67727_198887.png
67728_199124.jpg,1140,,2.065,29.336,,7.035,92.549,75.982,7.749,9.139,4.288,33.598,33.337,,4.302,0.0007704,,,False,True,False,True,True,False,False,False,37.5,67728_199124.jpg
67740_304448.jpg,900,,1.0,8.744,,2.942,30.268,81.609,2.097,-1.506,4.118,12.261,7.451,,4.041,0.0007546,,,False,False,False,True,True,False,False,True,37.5,67740_304448.jpg
67740_304449.jpg,900,,1.0,8.744,,2.942,30.268,81.609,2.097,-1.506,4.118,12.261,7.451,,4.041,0.0007546,,,False,False,False,True,True,False,False,True,37.5,67740_304449.jpg
67787_491490.jpg,2000,,1.0,17.748,,2.848,48.221,79.286,9.172,14.997,3.457,14.005,18.149,,4.166,0.001041,,,False,True,False,True,True,False,False,True,50.0,67787_491490.jpg
67787_491491.jpg,2000,,1.0,21.652,,4.977,72.032,74.887,13.233,18.956,3.934,18.153,25.252,,3.892,0.0009244,,,False,True,False,False,True,False,False,False,25.0,67787_491491.jpg
67787_491492.jpg,2000,,1.0,21.509,,3.163,56.495,71.005,18.058,17.921,3.849,32.374,20.996,,4.424,0.0009326,,,False,True,False,True,True,False,False,False,37.5,67787_491492.jpg
67787_491493.jpg,2000,,1.0,28.378,,6.15,108.993,52.285,28.025,22.782,5.06,45.982,16.594,,4.537,0.0005411,,,False,True,False,True,True,False,False,True,50.0,67787_491493.jpg
67814_199150.png,3322,,0.9904,31.081,,6.913,81.285,69.36,1.355,6.965,3.678,26.804,22.936,,3.485,0.0005678,,,False,False,False,False,True,False,False,False,12.5,67814_199150.png
67852_492864.jpg,2000,,1.0,22.017,,3.816,70.717,75.323,7.316,12.107,3.466,9.264,19.522,,4.305,0.0008935,,,False,True,False,True,True,False,False,True,50.0,67852_492864.jpg
67852_492865.jpg,2000,,1.0,27.678,,5.225,108.602,67.887,12.445,13.225,4.694,18.303,21.835,,4.426,0.0006261,,,False,True,False,True,True,False,False,False,37.5,67852_492865.jpg
67852_492866.jpg,2000,,1.0,22.408,,3.618,85.855,75.041,11.895,11.147,4.582,8.631,25.505,,4.447,0.0005884,,,False,True,False,True,True,False,False,False,37.5,67852_492866.jpg
67852_492867.jpg,2000,,1.0,20.93,,3.235,66.228,73.059,6.097,10.915,3.577,12.965,19.583,,4.307,0.0007571,,,False,True,False,True,True,False,False,True,50.0,67852_492867.jpg
67866_198339.jpg,2000,,1.0,28.805,,3.89,75.848,76.635,-0.1951,-1.187,4.668,5.984,22.571,,4.294,0.0006677,,,False,True,False,True,True,False,False,False,37.5,67866_198339.jpg
67870_299762.jpg,2000,,1.0,33.826,,3.404,81.165,66.84,2.187,-6.128,4.329,15.986,12.753,,4.236,0.0007037,,,False,False,False,True,True,False,False,True,37.5,67870_299762.jpg
67918_216987.jpg,2000,,1.0,9.402,,2.866,42.71,84.802,2.865,5.691,3.482,40.878,12.35,,4.404,0.0005863,,,False,False,False,True,True,False,False,True,37.5,67918_216987.jpg
67919_216962.jpg,2000,,1.0,10.939,,2.804,41.177,82.714,3.496,4.193,3.715,31.965,12.809,,4.32,0.0005836,,,False,False,False,True,True,False,False,True,37.5,67919_216962.jpg
67922_216960.png,379,,1.414,19.937,,12.492,100.035,83.08,3.913,10.005,4.844,7.263,24.307,,4.035,0.000434,,,True,True,False,True,True,False,False,False,50.0,67922_216960.png
67940_198886.jpg,2000,,1.0,23.542,,4.117,96.55,76.013,1.765,5.091,5.648,9.395,13.051,,4.474,0.0005405,,,False,True,False,True,True,False,False,True,50.0,67940_198886.jpg
68156_485255.jpg,2000,,1.0,24.759,,3.275,66.683,61.906,1.07,13.143,4.483,19.701,17.921,,4.124,0.0006953,,,True,True,False,True,True,False,False,True,62.5,68156_485255.jpg
68156_485256.jpg,2000,,1.0,15.72,,2.99,49.423,81.919,2.757,13.116,3.439,5.066,18.401,,4.106,0.001102,,,True,True,False,True,True,False,False,True,62.5,68156_485256.jpg
68156_485257.jpg,2000,,1.0,16.898,,3.234,74.048,79.273,3.514,26.552,3.987,10.4,16.869,,4.488,0.0007579,,,True,True,False,True,True,False,False,True,62.5,68156_485257.jpg
68156_485258.jpg,2000,,1.0,15.733,,3.346,60.9,80.493,1.297,15.383,3.564,8.343,18.221,,4.42,0.0008832,,,True,True,False,True,True,False,False,True,62.5,68156_485258.jpg
68244_525949.jpg,2000,,1.0,19.154,,1.798,44.232,77.544,2.684,12.307,3.518,5.734,13.777,,3.97,0.001251,,,True,True,False,False,True,False,False,True,50.0,68244_525949.jpg
68244_525950.jpg,2000,,1.0,18.574,,2.126,47.85,76.13,2.043,11.571,3.414,7.236,13.924,,4.102,0.001087,,,True,True,False,True,True,False,False,True,62.5,68244_525950.jpg
68244_525951.jpg,2000,,1.0,19.154,,1.798,44.232,77.544,2.684,12.307,3.518,5.734,13.777,,3.97,0.001251,,,True,True,False,False,True,False,False,True,50.0,68244_525951.jpg
68244_525952.jpg,2000,,1.0,26.386,,3.016,70.211,63.311,2.478,14.032,4.122,17.523,16.381,,3.415,0.0008773,,,True,True,False,False,True,False,False,True,50.0,68244_525952.jpg
68244_525953.jpg,2000,,1.0,20.139,,2.466,54.929,76.639,2.886,11.331,3.913,6.819,12.732,,4.061,0.001133,,,True,True,False,True,True,False,False,True,62.5,68244_525953.jpg
68367_309029.jpeg,624,,1.0,18.104,,3.763,39.663,90.994,0.7034,5.176,2.364,3.458,46.297,,3.855,0.001187,,,False,True,False,False,False,False,True,False,25.0,68367_309029.jpeg
68371_309034.jpeg,624,,1.0,10.785,,2.179,22.919,95.597,-0.08927,4.591,1.88,0.5097,42.312,,3.712,0.001256,,,False,False,False,False,False,False,True,False,12.5,68371_309034.jpeg
68372_309037.jpeg,624,,1.0,16.488,,3.66,32.667,90.765,2.975,9.51,1.813,14.09,43.724,,3.882,0.001191,,,True,True,False,False,False,False,False,False,25.0,68372_309037.jpeg
68376_309190.jpeg,900,,1.0,17.879,,4.109,48.109,89.587,-4.541,2.865,3.035,10.331,38.444,,3.853,0.001025,,,False,True,False,False,True,False,False,False,25.0,68376_309190.jpeg
68377_309191.jpeg,900,,1.0,17.879,,4.109,48.109,89.587,-4.541,2.865,3.035,10.331,38.444,,3.853,0.001025,,,False,True,False,False,True,False,False,False,25.0,68377_309191.jpeg
68378_309192.jpeg,900,,1.0,15.718,,2.513,37.472,91.936,3.746,10.342,2.858,4.566,34.592,,3.988,0.00113,,,True,True,False,False,False,False,True,False,37.5,68378_309192.jpeg
68386_194693.jpg,1029,,0.7772,12.971,,3.475,41.199,82.843,6.215,11.129,4.418,21.168,19.843,,4.334,0.000815,,,False,False,False,True,True,False,False,True,37.5,68386_194693.jpg
68465_376151.jpg,2000,,1.0,25.77,,7.634,156.275,57.476,20.149,27.742,5.87,29.614,7.795,,4.482,0.0001617,,,False,True,False,True,True,False,False,True,50.0,68465_376151.jpg
68465_376152.jpg,2000,,1.0,26.891,,6.897,126.785,64.377,20.352,20.063,5.453,25.984,16.688,,4.512,0.00037,,,False,True,False,True,True,False,False,True,50.0,68465_376152.jpg
68465_376153.jpg,2000,,1.0,18.981,,4.189,59.802,86.971,7.074,8.106,3.746,11.09,29.428,,4.442,0.0008634,,,False,True,False,True,True,False,False,False,37.5,68465_376153.jpg
68465_376154.jpg,2000,,1.0,17.223,,2.969,44.854,88.813,4.746,5.665,3.538,5.851,23.641,,4.464,0.0009813,,,False,True,False,True,True,False,False,False,37.5,68465_376154.jpg
68636_317528.jpg,900,,1.0,10.481,,3.222,38.4,73.418,-3.554,0.66,5.15,15.977,4.935,,3.924,0.0006782,,,False,False,False,False,True,False,False,True,25.0,68636_317528.jpg
68637_317527.jpg,900,,1.0,10.481,,3.222,38.4,73.418,-3.554,0.66,5.15,15.977,4.935,,3.924,0.0006782,,,False,False,False,False,True,False,False,True,25.0,68637_317527.jpg
68649_273034.jpg,2000,,1.0,6.147,,0.8998,12.699,87.159,2.134,0.4725,3.938,2.594,8.399,,3.891,0.00117,,,False,False,False,False,True,False,True,True,37.5,68649_273034.jpg
68660_209792.jpg,2000,,1.0,29.862,,6.317,114.611,66.403,11.921,-0.5426,5.113,41.881,18.415,,4.527,0.0005509,,,False,True,False,True,True,False,False,True,50.0,68660_209792.jpg
68660_209793.jpg,2000,,1.0,24.731,,4.092,61.307,81.85,4.025,0.5166,4.362,19.989,27.726,,4.212,0.0007724,,,False,True,False,True,True,False,False,False,37.5,68660_209793.jpg
68660_209794.jpg,2000,,1.0,36.611,,5.19,91.8,56.952,6.701,-5.205,4.777,28.993,18.602,,4.446,0.0006267,,,False,False,False,True,True,False,False,True,37.5,68660_209794.jpg
68717_329503.jpg,2000,,1.0,28.857,,4.926,90.705,71.003,1.727,8.365,5.04,19.569,21.169,,4.005,0.0005232,,,True,True,False,True,True,False,False,False,50.0,68717_329503.jpg
68793_317329.jpg,2000,,1.0,18.926,,2.789,34.906,79.626,2.971,-1.318,4.481,37.782,19.55,,3.825,0.0007524,,,False,True,False,False,True,False,False,True,37.5,68793_317329.jpg
68794_317328.jpg,2000,,1.0,18.926,,2.789,34.906,79.626,2.971,-1.318,4.481,37.782,19.55,,3.825,0.0007524,,,False,True,False,False,True,False,False,True,37.5,68794_317328.jpg
68799_289868.jpg,2000,,1.0,6.321,,1.319,25.276,92.289,2.541,6.252,4.747,30.162,11.178,,4.184,0.0007237,,,False,False,False,True,True,False,False,True,37.5,68799_289868.jpg
68858_309200.jpg,1200,,1.0,35.465,,6.62,81.698,57.968,9.469,5.198,4.361,41.652,16.463,,4.212,0.00047,,,False,False,False,True,True,False,False,True,37.5,68858_309200.jpg
68858_309201.jpg,1200,,1.0,35.465,,6.62,81.698,57.968,9.469,5.198,4.361,41.652,16.463,,4.212,0.00047,,,False,False,False,True,True,False,False,True,37.5,68858_309201.jpg
68860_297700.jpg,900,,1.0,19.054,,1.981,32.631,92.138,-1.946,4.152,1.949,6.247,38.557,,3.504,0.001314,,,False,True,False,False,False,False,False,False,12.5,68860_297700.jpg
68861_297701.jpg,900,,1.0,10.188,,1.076,19.142,95.739,1.564,4.194,1.863,9.114,35.738,,3.139,0.001314,,,False,False,False,False,False,False,False,False,0.0,68861_297701.jpg
68862_192644.png,2024,,0.8333,15.098,,0.7744,27.716,91.956,-2.474,4.173,1.3,4.565,33.437,,3.167,0.001382,,,False,True,False,False,False,False,True,False,25.0,68862_192644.png
68862_297704.png,990,,0.8333,15.147,,1.441,27.766,91.949,-2.451,4.125,1.375,4.556,33.465,,3.174,0.001384,,,False,True,False,False,False,False,True,False,25.0,68862_297704.png
68864_297709.jpg,1013,,0.7993,17.673,,1.576,28.841,90.392,-2.464,16.282,3.502,5.026,41.928,,3.557,0.001162,,,True,True,False,False,True,False,False,False,37.5,68864_297709.jpg
68887_297710.jpg,900,,1.0,22.118,,4.644,65.968,89.434,-2.938,4.812,3.139,3.991,31.026,,4.172,0.0009601,,,False,True,False,True,True,False,True,False,50.0,68887_297710.jpg
68888_297716.jpg,878,,1.051,30.513,,7.637,104.312,69.195,19.984,6.755,4.652,39.733,14.943,,4.383,0.0006465,,,False,False,False,True,True,False,False,True,37.5,68888_297716.jpg
68889_297717.jpg,900,,1.0,22.561,,6.087,73.348,88.456,4.536,8.261,2.763,10.505,28.217,,4.332,0.001054,,,True,True,False,True,False,False,False,False,37.5,68889_297717.jpg
68890_297718.jpg,900,,1.0,19.45,,4.448,65.209,91.192,1.672,5.669,2.625,4.554,25.727,,4.343,0.001102,,,False,True,False,True,False,False,True,False,37.5,68890_297718.jpg
68895_297779.jpg,878,,1.051,20.727,,6.605,98.841,84.757,-0.6063,23.692,4.165,14.355,18.667,,4.384,0.0006655,,,True,True,False,True,True,False,False,True,62.5,68895_297779.jpg
68906_297835.png,912,,0.974,14.114,,2.386,45.188,92.786,-2.289,13.185,2.369,7.434,36.191,,4.165,0.001094,,,True,False,False,True,False,False,False,False,25.0,68906_297835.png
68907_192722.jpg,2000,,1.0,17.509,,3.625,66.867,90.507,5.232,-0.2577,3.644,3.558,24.951,,4.355,0.0008671,,,False,True,False,True,True,False,True,False,50.0,68907_192722.jpg
68907_297836.jpg,900,,1.0,17.405,,5.481,66.527,90.461,5.142,-0.2746,3.843,3.619,24.903,,4.356,0.0008676,,,False,True,False,True,True,False,True,False,50.0,68907_297836.jpg
68914_192736.jpg,2200,,1.0,19.75,,2.999,68.714,89.902,-1.36,6.211,2.662,2.565,26.229,,4.308,0.0009557,,,False,True,False,True,False,False,True,False,37.5,68914_192736.jpg
68914_298019.jpg,900,,1.0,19.746,,5.538,68.646,89.829,-1.852,5.961,3.0,2.556,26.134,,4.311,0.0009487,,,False,True,False,True,True,False,True,False,50.0,68914_298019.jpg
69054_304337.jpg,1600,,1.0,24.173,,3.247,49.033,85.258,8.529,-8.22,2.329,19.769,34.819,,4.038,0.001116,,,False,True,False,True,False,False,False,False,25.0,69054_304337.jpg
69146_312219.jpg,1620,,1.0,19.143,,3.628,36.505,84.603,1.571,-1.435,3.447,7.184,25.021,,4.149,0.0009519,,,False,True,False,True,True,False,False,False,37.5,69146_312219.jpg
69146_312220.jpg,1620,,1.0,19.143,,3.628,36.505,84.603,1.571,-1.435,3.447,7.184,25.021,,4.149,0.0009519,,,False,True,False,True,True,False,False,False,37.5,69146_312220.jpg
69426_298020.jpg,900,,1.0,15.322,,4.81,58.634,89.08,3.277,7.949,4.334,4.813,30.624,,4.426,0.0008291,,,False,True,False,True,True,False,True,False,50.0,69426_298020.jpg
69463_298021.jpg,900,,1.0,23.218,,3.355,51.706,79.724,13.589,-3.519,3.753,33.416,21.658,,4.242,0.0008411,,,False,True,False,True,True,False,False,False,37.5,69463_298021.jpg
69609_372787.jpg,900,,1.0,32.108,,7.164,73.784,68.752,6.652,6.493,3.995,27.517,22.365,,4.343,0.0007253,,,False,False,False,True,True,False,False,False,25.0,69609_372787.jpg
69615_295229.jpg,900,,1.0,28.716,,6.46,58.907,71.453,4.304,4.661,3.69,21.353,21.505,,4.278,0.0007873,,,False,True,False,True,True,False,False,False,37.5,69615_295229.jpg
69645_446618.jpg,2000,,1.0,19.765,,3.449,60.125,75.916,0.4544,12.227,4.34,7.72,17.997,,4.298,0.000809,,,True,True,False,True,True,False,False,True,62.5,69645_446618.jpg
69645_446619.jpg,2000,,1.0,19.417,,3.397,64.506,76.641,-0.5189,12.248,4.417,6.271,16.027,,4.338,0.0008014,,,True,True,False,True,True,False,False,True,62.5,69645_446619.jpg
69645_446620.jpg,2000,,1.0,19.204,,3.387,61.888,78.822,-0.418,12.254,4.338,5.686,15.67,,4.317,0.0008421,,,True,True,False,True,True,False,False,True,62.5,69645_446620.jpg
69645_446621.jpg,2000,,1.0,21.559,,3.469,75.234,77.57,-3.202,13.0,4.681,7.861,17.752,,4.373,0.0006551,,,True,True,False,True,True,False,False,True,62.5,69645_446621.jpg
69645_446622.jpg,2000,,1.0,18.911,,3.186,86.768,82.346,-1.094,10.223,4.961,14.945,19.884,,4.483,0.0002451,,,True,True,False,True,True,False,False,True,62.5,69645_446622.jpg
69645_446623.jpg,2000,,1.0,18.033,,2.95,50.983,80.176,0.1043,11.229,4.078,6.197,14.592,,4.254,0.0009351,,,True,True,False,True,True,False,False,True,62.5,69645_446623.jpg
69706_196708.png,860,,1.038,29.226,,2.559,37.423,78.899,0.4218,1.074,3.937,18.758,27.832,,3.767,0.001046,,,False,True,False,False,True,False,False,False,25.0,69706_196708.png
69706_312867.png,860,,1.038,29.226,,2.559,37.423,78.899,0.4218,1.074,3.937,18.758,27.832,,3.767,0.001046,,,False,True,False,False,True,False,False,False,25.0,69706_312867.png
69707_401720.jpg,2000,,1.0,28.171,,2.06,49.613,76.082,0.8729,-6.457,3.901,12.628,28.539,,3.376,0.0009547,,,False,True,False,False,True,False,False,False,25.0,69707_401720.jpg
69736_194947.jpg,800,,1.0,21.048,,8.604,89.367,81.267,1.73,19.965,4.163,5.316,19.363,,4.315,0.0006249,,,True,True,False,True,True,False,False,True,62.5,69736_194947.jpg
69736_328246.jpg,800,,1.0,21.048,,8.604,89.367,81.267,1.73,19.965,4.163,5.316,19.363,,4.315,0.0006249,,,True,True,False,True,True,False,False,True,62.5,69736_328246.jpg
69740_216870.jpg,2000,,1.0,23.571,,1.165,23.718,87.513,3.267,2.166,2.462,8.712,34.424,,3.555,0.001109,,,False,True,False,False,False,False,False,False,12.5,69740_216870.jpg
69742_298022.jpeg,878,,1.051,13.557,,2.553,39.92,88.393,-1.245,30.64,3.233,29.563,20.131,,4.126,0.0006907,,,True,False,False,True,True,False,False,False,37.5,69742_298022.jpeg
69743_298023.jpeg,878,,1.051,22.239,,4.543,73.576,80.023,14.296,-2.359,3.652,35.014,21.919,,4.353,0.0007105,,,False,True,False,True,True,False,False,False,37.5,69743_298023.jpeg
69743_298024.jpeg,878,,1.051,22.239,,4.543,73.576,80.023,14.296,-2.359,3.652,35.014,21.919,,4.353,0.0007105,,,False,True,False,True,True,False,False,False,37.5,69743_298024.jpeg
69748_298025.jpeg,878,,1.051,10.063,,1.545,26.315,91.234,-2.796,10.315,3.244,39.516,15.877,,4.144,0.0008088,,,True,False,False,True,True,False,False,True,50.0,69748_298025.jpeg
69748_298026.jpeg,878,,1.051,10.063,,1.545,26.315,91.234,-2.796,10.315,3.244,39.516,15.877,,4.144,0.0008088,,,True,False,False,True,True,False,False,True,50.0,69748_298026.jpeg
69749_298027.jpg,878,,1.051,37.827,,3.646,54.869,59.473,21.792,12.505,3.512,49.375,15.877,,3.864,0.0008003,,,False,False,False,False,True,False,False,True,25.0,69749_298027.jpg
69749_298028.jpg,878,,1.051,37.827,,3.646,54.869,59.473,21.792,12.505,3.512,49.375,15.877,,3.864,0.0008003,,,False,False,False,False,True,False,False,True,25.0,69749_298028.jpg
69753_298029.jpg,878,,1.051,24.972,,3.173,55.435,76.996,28.854,3.776,3.43,43.558,27.595,,4.151,0.0008803,,,False,True,False,True,True,False,False,False,37.5,69753_298029.jpg
69754_298030.jpg,878,,1.051,17.63,,3.33,60.569,83.179,20.227,1.871,4.279,26.693,25.32,,4.311,0.0006644,,,False,True,False,True,True,False,False,False,37.5,69754_298030.jpg
69757_546332.jpg,2000,,1.0,7.746,,0.7127,15.513,84.524,6.815,8.109,3.533,3.313,8.172,,3.85,0.00125,,,False,False,False,False,True,False,True,True,37.5,69757_546332.jpg
69757_546333.jpg,2000,,1.0,8.752,,0.7863,16.935,82.753,7.455,8.776,3.351,8.394,11.96,,3.91,0.001214,,,False,False,False,False,True,False,False,True,25.0,69757_546333.jpg
69757_546334.jpg,2000,,1.0,7.544,,0.6826,14.584,84.116,6.474,8.344,3.515,3.1,8.713,,3.798,0.001267,,,False,False,False,False,True,False,True,True,37.5,69757_546334.jpg
69757_546335.jpg,2000,,1.0,8.137,,0.745,16.283,83.617,7.532,8.297,3.478,4.738,8.95,,3.805,0.001187,,,False,False,False,False,True,False,True,True,37.5,69757_546335.jpg
69757_546336.jpg,2000,,1.0,6.882,,0.7159,13.846,84.215,5.739,8.577,3.357,2.913,8.348,,3.851,0.001311,,,True,False,False,False,True,False,True,True,50.0,69757_546336.jpg
69772_546328.jpg,2000,,1.0,9.692,,0.6954,18.222,80.912,11.519,31.077,3.723,13.433,12.711,,3.606,0.001266,,,False,False,False,False,True,False,False,True,25.0,69772_546328.jpg
69772_546329.jpg,2000,,1.0,9.433,,0.767,19.596,81.119,11.569,33.154,3.693,11.165,11.15,,3.783,0.001255,,,False,False,False,False,True,False,False,True,25.0,69772_546329.jpg
69772_546330.jpg,2000,,1.0,9.086,,0.7802,17.274,81.534,10.318,28.705,3.617,11.634,12.257,,3.655,0.001316,,,False,False,False,False,True,False,False,True,25.0,69772_546330.jpg
69772_546331.jpg,2000,,1.0,8.66,,0.8363,17.539,81.752,9.307,26.59,3.353,9.312,11.829,,3.808,0.001326,,,False,False,False,False,True,False,False,True,25.0,69772_546331.jpg
69783_298031.jpg,878,,1.051,19.799,,5.911,85.979,87.058,0.2692,4.442,3.84,12.065,25.38,,4.403,0.0008847,,,False,True,False,True,True,False,False,False,37.5,69783_298031.jpg
69784_298032.jpg,878,,1.051,20.727,,6.605,98.841,84.757,-0.6063,23.692,4.165,14.355,18.667,,4.384,0.0006655,,,True,True,False,True,True,False,False,True,62.5,69784_298032.jpg
69785_298033.jpg,900,,1.0,19.45,,4.448,65.209,91.192,1.672,5.669,2.625,4.554,25.727,,4.343,0.001102,,,False,True,False,True,False,False,True,False,37.5,69785_298033.jpg
69786_298036.jpg,900,,1.0,22.561,,6.087,73.348,88.456,4.536,8.261,2.763,10.505,28.217,,4.332,0.001054,,,True,True,False,True,False,False,False,False,37.5,69786_298036.jpg
69787_298037.jpg,878,,1.051,30.513,,7.637,104.312,69.195,19.984,6.755,4.652,39.733,14.943,,4.383,0.0006465,,,False,False,False,True,True,False,False,True,37.5,69787_298037.jpg
69788_298038.jpg,900,,1.0,22.118,,4.644,65.968,89.434,-2.938,4.812,3.139,3.991,31.026,,4.172,0.0009601,,,False,True,False,True,True,False,True,False,50.0,69788_298038.jpg
69789_298039.jpg,900,,1.0,27.669,,4.962,67.884,86.083,4.779,5.078,2.48,9.498,37.963,,4.311,0.001108,,,False,True,False,True,False,False,False,False,25.0,69789_298039.jpg
69798_194946.jpg,2000,,1.0,15.278,,1.897,35.732,86.941,-1.092,1.083,2.346,4.831,23.641,,4.113,0.001005,,,False,True,False,True,False,False,True,False,37.5,69798_194946.jpg
69811_201783.jpg,1724,,0.8658,21.903,,2.265,38.676,83.479,-3.069,0.03975,2.993,22.688,25.677,,3.908,0.001054,,,False,True,False,False,False,False,False,False,12.5,69811_201783.jpg
69814_194938.jpg,1575,,1.333,22.677,,2.414,31.194,89.317,-1.479,1.15,2.088,16.995,51.907,,3.757,0.00128,,,False,True,False,False,False,False,False,False,12.5,69814_194938.jpg
69815_194937.jpg,1575,,1.333,19.976,,2.57,35.497,89.166,-1.815,0.2319,2.613,20.646,44.757,,4.079,0.001142,,,False,True,False,True,False,False,False,False,25.0,69815_194937.jpg
69819_298041.jpg,878,,1.051,37.827,,3.646,54.869,59.473,21.792,12.505,3.512,49.375,15.877,,3.864,0.0008003,,,False,False,False,False,True,False,False,True,25.0,69819_298041.jpg
69820_298042.jpg,878,,1.051,21.441,,2.817,51.747,80.045,23.717,23.778,3.595,45.841,24.196,,4.203,0.0009084,,,False,True,False,True,True,False,False,False,37.5,69820_298042.jpg
69821_298043.jpg,878,,1.051,11.57,,1.653,25.854,91.659,2.057,9.168,3.329,22.909,28.392,,4.188,0.0009747,,,True,False,False,True,True,False,False,False,37.5,69821_298043.jpg
69823_298044.jpeg,878,,1.051,22.239,,4.543,73.576,80.023,14.296,-2.359,3.652,35.014,21.919,,4.353,0.0007105,,,False,True,False,True,True,False,False,False,37.5,69823_298044.jpeg
69824_298045.jpg,878,,1.051,15.638,,2.635,44.135,87.811,3.89,3.914,4.116,8.857,21.541,,4.168,0.0007362,,,False,True,False,True,True,False,False,False,37.5,69824_298045.jpg
69826_298046.jpg,900,,1.0,27.669,,4.962,67.884,86.083,4.779,5.078,2.48,9.498,37.963,,4.311,0.001108,,,False,True,False,True,False,False,False,False,25.0,69826_298046.jpg
69827_298047.jpg,900,,1.0,22.118,,4.644,65.968,89.434,-2.938,4.812,3.139,3.991,31.026,,4.172,0.0009601,,,False,True,False,True,True,False,True,False,50.0,69827_298047.jpg
69829_298048.jpg,878,,1.051,30.513,,7.637,104.312,69.195,19.984,6.755,4.652,39.733,14.943,,4.383,0.0006465,,,False,False,False,True,True,False,False,True,37.5,69829_298048.jpg
69830_298049.jpg,900,,1.0,22.561,,6.087,73.348,88.456,4.536,8.261,2.763,10.505,28.217,,4.332,0.001054,,,True,True,False,True,False,False,False,False,37.5,69830_298049.jpg
69831_273647.png,448,,1.0,23.274,,7.312,69.125,84.173,-1.001,15.1,3.604,3.849,23.388,,4.432,0.0007098,,,True,True,False,True,True,False,True,False,62.5,69831_273647.png
69831_298050.png,900,,1.0,23.255,,4.298,68.925,84.167,-0.9968,15.068,3.638,3.811,23.331,,4.426,0.000704,,,True,True,False,True,True,False,True,False,62.5,69831_298050.png
69832_298051.jpg,878,,1.051,20.727,,6.605,98.841,84.757,-0.6063,23.692,4.165,14.355,18.667,,4.384,0.0006655,,,True,True,False,True,True,False,False,True,62.5,69832_298051.jpg
69833_298052.jpg,878,,1.051,19.799,,5.911,85.979,87.058,0.2692,4.442,3.84,12.065,25.38,,4.403,0.0008847,,,False,True,False,True,True,False,False,False,37.5,69833_298052.jpg
69845_194822.jpg,1135,,1.121,13.704,,2.374,36.13,95.332,-1.969,3.662,2.049,1.282,41.374,,4.149,0.001233,,,False,False,False,True,False,False,True,False,25.0,69845_194822.jpg
69846_194823.jpg,1000,,1.0,19.755,,3.073,49.445,92.787,1.52,1.519,2.115,3.55,49.359,,4.107,0.001254,,,False,True,False,True,False,False,True,False,37.5,69846_194823.jpg
69910_196507.jpg,2000,,1.0,26.562,,3.185,72.78,78.942,5.468,6.623,4.216,10.421,29.546,,4.466,0.0007012,,,False,True,False,True,True,False,False,False,37.5,69910_196507.jpg
69910_196508.jpg,2000,,1.0,25.043,,2.927,51.877,79.804,3.344,3.973,4.435,12.204,30.481,,4.352,0.0008066,,,False,True,False,True,True,False,False,False,37.5,69910_196508.jpg
69910_196509.jpg,2000,,1.0,32.199,,3.429,84.93,57.489,9.487,16.75,5.128,32.439,19.635,,4.421,0.0004816,,,False,False,False,True,True,False,False,True,37.5,69910_196509.jpg
69910_196510.jpg,2000,,1.0,17.846,,1.841,32.548,86.657,0.8921,0.5562,3.524,6.046,27.143,,4.077,0.001089,,,False,True,False,True,True,False,False,False,37.5,69910_196510.jpg
69910_196511.jpg,2000,,1.0,21.212,,2.329,39.708,83.911,1.112,1.438,4.026,9.629,26.288,,4.063,0.0009275,,,False,True,False,True,True,False,False,False,37.5,69910_196511.jpg
69910_196512.jpg,2000,,1.0,34.632,,3.356,71.679,63.979,5.02,1.578,4.769,22.497,20.72,,4.349,0.0007167,,,False,False,False,True,True,False,False,False,25.0,69910_196512.jpg
69911_487586.jpg,2000,,1.0,12.874,,2.311,30.022,88.491,4.353,3.086,4.357,18.313,21.715,,3.705,0.0009336,,,False,False,False,False,True,False,False,False,12.5,69911_487586.jpg
69911_487587.jpg,2000,,1.0,12.874,,2.311,30.022,88.491,4.353,3.086,4.357,18.313,21.715,,3.705,0.0009336,,,False,False,False,False,True,False,False,False,12.5,69911_487587.jpg
70065_195160.jpg,2000,,1.0,19.851,,6.888,78.585,79.709,-3.264,9.661,4.488,9.091,18.051,,4.538,0.0006564,,,True,True,False,True,True,False,False,True,62.5,70065_195160.jpg
70065_195163.jpg,2000,,1.0,25.787,,6.238,129.59,37.274,-3.142,18.19,5.88,38.355,12.038,,4.415,0.0001685,,,False,True,False,True,True,False,False,True,50.0,70065_195163.jpg
70065_195186.jpg,2000,,1.0,31.789,,5.848,84.883,70.391,-0.2808,2.67,4.732,9.551,20.562,,4.366,0.0007196,,,False,False,False,True,True,False,False,False,25.0,70065_195186.jpg
70065_195188.jpg,2000,,1.0,18.67,,3.134,51.964,83.155,1.065,4.793,4.197,2.956,19.743,,3.913,0.0008489,,,False,True,False,False,True,False,True,True,50.0,70065_195188.jpg
70065_195189.jpg,2000,,1.0,13.895,,3.451,37.908,85.277,-1.146,0.05402,4.016,5.0,18.053,,4.158,0.00095,,,False,False,False,True,True,False,True,True,50.0,70065_195189.jpg
70065_195190.jpg,2000,,1.0,12.999,,3.048,34.651,85.263,-1.159,0.0867,3.826,4.542,17.626,,3.904,0.001013,,,False,False,False,False,True,False,True,True,37.5,70065_195190.jpg
70241_195287.jpg,2160,,1.0,11.668,,2.342,41.322,90.738,-0.09929,-0.7365,4.397,1.661,25.073,,4.243,0.0009499,,,False,False,False,True,True,False,True,False,37.5,70241_195287.jpg
70241_195288.jpg,2160,,1.0,15.965,,3.871,70.244,84.836,-0.4417,3.482,5.858,5.656,19.812,,4.484,0.0005997,,,False,True,False,True,True,False,False,True,50.0,70241_195288.jpg
70241_195289.jpg,2160,,1.0,13.672,,3.085,67.952,85.743,1.866,2.742,6.365,5.055,19.313,,4.533,0.0003943,,,False,False,False,True,False,False,False,True,25.0,70241_195289.jpg
70241_195290.jpg,2160,,1.0,14.159,,2.763,71.29,84.448,2.334,7.145,6.305,4.366,15.549,,4.514,0.0002992,,,False,False,False,True,False,False,True,True,37.5,70241_195290.jpg
70241_195291.jpg,2160,,1.0,33.583,,4.103,95.57,72.135,1.831,-4.021,5.413,8.046,18.026,,4.367,0.0005148,,,False,False,False,True,True,False,False,True,37.5,70241_195291.jpg
70245_195300.png,474,,1.043,30.373,,6.274,67.611,61.854,37.128,27.631,3.278,59.448,11.579,,3.703,0.0008496,,,False,False,False,False,True,False,False,True,25.0,70245_195300.png
70245_298057.png,881,,1.044,30.356,,3.631,67.781,61.817,37.14,27.695,3.293,59.384,11.456,,3.704,0.0008372,,,False,False,False,False,True,False,False,True,25.0,70245_298057.png
70251_460506.jpg,2000,,1.0,21.019,,3.946,69.557,76.23,1.093,12.551,2.908,5.434,18.425,,4.26,0.0008913,,,True,True,False,True,False,False,False,True,50.0,70251_460506.jpg
70251_460507.jpg,2000,,1.0,21.166,,4.342,78.12,77.803,0.5939,13.636,2.971,6.305,20.445,,4.287,0.0008356,,,True,True,False,True,False,False,False,False,37.5,70251_460507.jpg
70251_460508.jpg,2000,,1.0,25.605,,6.728,145.816,65.239,-1.453,25.507,4.55,11.154,14.239,,4.23,0.00034,,,True,True,False,True,True,False,False,True,62.5,70251_460508.jpg
70251_460509.jpg,2000,,1.0,20.844,,4.584,129.068,64.363,-1.854,32.987,4.553,16.127,8.2,,4.406,0.0002617,,,True,True,False,True,True,False,False,True,62.5,70251_460509.jpg
70257_195335.jpg,2160,,1.0,25.774,,3.111,38.601,83.961,13.704,8.726,2.738,21.664,41.642,,3.726,0.001084,,,False,True,False,False,False,False,False,False,12.5,70257_195335.jpg
70257_195336.jpg,2160,,1.0,26.993,,5.579,83.399,57.912,45.926,32.684,3.744,61.008,17.359,,4.371,0.0004608,,,False,True,False,True,True,False,False,True,50.0,70257_195336.jpg
70257_195337.jpg,2160,,1.0,31.238,,5.102,75.312,61.552,32.872,22.51,3.942,52.725,14.284,,4.13,0.0005506,,,False,False,False,True,True,False,False,True,37.5,70257_195337.jpg
70306_195464.jpg,1600,,1.0,13.621,,1.365,21.242,95.522,0.3046,5.14,1.813,1.07,38.476,,3.573,0.001312,,,False,False,False,False,False,False,True,False,12.5,70306_195464.jpg
70306_289371.jpg,1600,,1.0,13.621,,1.365,21.242,95.522,0.3046,5.14,1.813,1.07,38.476,,3.573,0.001312,,,False,False,False,False,False,False,True,False,12.5,70306_289371.jpg
70307_195465.jpg,872,,0.744,21.368,,3.053,41.172,82.233,13.919,7.633,2.934,38.636,21.38,,3.941,0.001029,,,False,True,False,False,False,False,False,False,12.5,70307_195465.jpg
70439_503163.jpg,2000,,1.0,15.98,,5.147,52.399,84.612,0.5177,11.982,4.006,5.555,16.159,,4.413,0.00106,,,True,True,False,True,True,False,False,True,62.5,70439_503163.jpg
70439_503164.jpg,2000,,1.0,22.261,,7.57,73.325,76.948,-0.4176,13.918,4.515,13.262,14.862,,4.362,0.0008372,,,True,True,False,True,True,False,False,True,62.5,70439_503164.jpg
70439_503165.jpg,2000,,1.0,18.472,,6.864,98.807,83.563,-2.629,13.549,4.383,8.161,17.916,,4.484,0.0008814,,,True,True,False,True,True,False,False,True,62.5,70439_503165.jpg
70486_298117.jpg,900,,1.0,19.054,,1.981,32.631,92.138,-1.946,4.152,1.949,6.247,38.557,,3.504,0.001314,,,False,True,False,False,False,False,False,False,12.5,70486_298117.jpg
70487_195725.png,2024,,0.8333,15.098,,0.7744,27.716,91.956,-2.474,4.173,1.3,4.565,33.437,,3.167,0.001382,,,False,True,False,False,False,False,True,False,25.0,70487_195725.png
70487_298118.png,990,,0.8333,15.147,,1.441,27.766,91.949,-2.451,4.125,1.375,4.556,33.465,,3.174,0.001384,,,False,True,False,False,False,False,True,False,25.0,70487_298118.png
70522_195840.jpg,2000,,1.0,19.052,,3.82,84.395,82.733,-1.274,5.241,3.406,1.943,17.861,,4.04,0.0007348,,,False,True,False,True,True,False,True,True,62.5,70522_195840.jpg
70522_195841.jpg,2000,,1.0,22.428,,3.756,56.848,77.225,1.438,-1.482,4.619,12.87,22.831,,4.39,0.0007986,,,False,True,False,True,True,False,False,False,37.5,70522_195841.jpg
70533_298128.jpeg,878,,1.051,22.239,,4.543,73.576,80.023,14.296,-2.359,3.652,35.014,21.919,,4.353,0.0007105,,,False,True,False,True,True,False,False,False,37.5,70533_298128.jpeg
70586_195818.jpeg,900,,1.0,23.771,,4.036,55.198,78.572,2.197,0.9539,4.588,14.903,28.635,,3.84,0.000794,,,False,True,False,False,True,False,False,False,25.0,70586_195818.jpeg
70588_197770.jpg,2000,,1.0,22.782,,3.42,42.813,85.33,2.851,2.9,4.109,16.067,32.043,,4.278,0.0009229,,,False,True,False,True,True,False,False,False,37.5,70588_197770.jpg
70588_197771.jpg,2000,,1.0,25.053,,4.332,52.225,81.46,2.408,3.735,2.962,19.291,28.358,,4.323,0.0008556,,,False,True,False,True,False,False,False,False,25.0,70588_197771.jpg
70626_298134.png,879,,1.049,6.641,,1.101,19.484,93.242,-0.6194,2.479,3.872,36.123,20.734,,4.356,0.0008264,,,False,False,False,True,True,False,False,False,25.0,70626_298134.png
70635_464235.jpg,2000,,1.0,22.387,,5.016,88.13,79.56,4.144,13.904,3.633,5.744,23.698,,4.152,0.000895,,,True,True,False,True,True,False,False,False,50.0,70635_464235.jpg
70635_464237.jpg,2000,,1.0,20.898,,4.821,79.612,81.989,4.304,12.878,3.842,5.06,26.339,,4.291,0.0008676,,,True,True,False,True,True,False,False,False,50.0,70635_464237.jpg
70725_460530.jpg,2000,,1.0,24.142,,4.646,81.381,64.393,5.179,14.851,4.483,21.654,17.095,,4.108,0.0006696,,,True,True,False,True,True,False,False,True,62.5,70725_460530.jpg
70725_460531.jpg,2000,,1.0,26.469,,6.309,103.813,60.181,7.669,14.031,5.369,19.091,11.707,,4.46,0.0004599,,,False,True,False,True,True,False,False,True,50.0,70725_460531.jpg
70725_460532.jpg,2000,,1.0,27.271,,6.597,148.335,44.158,10.653,10.242,6.2,40.555,5.976,,4.532,0.0001682,,,False,True,False,True,False,False,False,True,37.5,70725_460532.jpg
70751_196233.jpg,2000,,1.0,23.956,,3.305,57.427,79.889,-0.3026,2.553,3.62,11.16,28.706,,4.231,0.0006887,,,False,True,False,True,True,False,False,False,37.5,70751_196233.jpg
70751_196234.jpg,2000,,1.0,16.94,,2.235,41.22,84.041,0.6539,0.5975,3.419,1.917,20.574,,4.305,0.0007363,,,False,True,False,True,True,False,True,False,50.0,70751_196234.jpg
70751_196235.jpg,2000,,1.0,25.77,,4.137,102.638,35.347,-1.26,13.69,6.154,34.141,10.567,,4.29,0.0001911,,,False,True,False,True,False,False,False,True,37.5,70751_196235.jpg
70751_196236.jpg,2000,,1.0,26.332,,4.188,101.744,33.076,-0.7303,10.894,6.128,45.951,11.2,,4.362,0.0002168,,,False,True,False,True,False,False,False,True,37.5,70751_196236.jpg
70755_460602.jpg,2000,,1.0,26.208,,4.667,85.06,58.902,4.132,15.638,4.594,28.851,17.277,,4.032,0.0005886,,,False,True,False,True,True,False,False,True,50.0,70755_460602.jpg
70755_460603.jpg,2000,,1.0,22.555,,5.359,91.003,66.873,5.099,18.226,4.384,18.261,17.349,,4.287,0.0006823,,,True,True,False,True,True,False,False,True,62.5,70755_460603.jpg
70755_460604.jpg,2000,,1.0,25.386,,5.927,110.4,61.915,3.983,18.278,5.202,23.616,14.803,,4.53,0.0005286,,,True,True,False,True,True,False,False,True,62.5,70755_460604.jpg
70755_460605.jpg,2000,,1.0,24.223,,7.591,147.284,54.295,3.853,20.107,5.873,24.948,8.186,,4.545,0.0002365,,,False,True,False,True,True,False,False,True,50.0,70755_460605.jpg
70755_460606.jpg,2000,,1.0,24.683,,4.401,72.073,66.386,4.883,15.976,4.25,19.131,19.064,,4.242,0.0007369,,,True,True,False,True,True,False,False,True,62.5,70755_460606.jpg
70758_460589.jpg,2000,,1.0,24.002,,5.227,92.355,56.518,5.314,17.63,4.858,32.753,13.618,,3.946,0.0005506,,,False,True,False,False,True,False,False,True,37.5,70758_460589.jpg
70758_460590.jpg,2000,,1.0,23.402,,4.147,71.845,68.607,5.903,15.902,3.362,15.737,19.938,,4.029,0.001025,,,True,True,False,True,True,False,False,True,62.5,70758_460590.jpg
70758_460591.jpg,2000,,1.0,21.778,,4.332,69.756,64.311,5.422,16.553,4.199,16.525,15.231,,4.021,0.0008101,,,True,True,False,True,True,False,False,True,62.5,70758_460591.jpg
70758_460592.jpg,2000,,1.0,23.014,,4.692,86.105,64.138,5.16,17.753,4.622,13.972,16.335,,4.439,0.0007174,,,True,True,False,True,True,False,False,True,62.5,70758_460592.jpg
73325_460554.jpg,2000,,1.0,24.232,,3.522,77.224,66.628,4.531,14.137,4.788,17.935,15.21,,4.209,0.0007347,,,True,True,False,True,True,False,False,True,62.5,73325_460554.jpg
73325_460555.jpg,2000,,1.0,20.395,,2.992,59.07,74.865,2.106,13.476,4.129,5.619,15.63,,4.364,0.0009191,,,True,True,False,True,True,False,False,True,62.5,73325_460555.jpg
73325_460556.jpg,2000,,1.0,16.17,,2.886,59.46,78.735,0.3298,12.753,3.873,6.093,8.147,,4.414,0.0009318,,,True,True,False,True,True,False,False,True,62.5,73325_460556.jpg
79154_542968.jpg,2000,,1.0,19.855,,3.841,76.054,73.526,7.232,23.867,3.316,3.68,18.897,,3.287,0.0009496,,,False,True,False,False,True,False,True,True,50.0,79154_542968.jpg
79154_542969.jpg,2000,,1.0,20.264,,3.769,74.935,71.515,6.993,23.143,3.353,4.879,17.276,,3.329,0.0008943,,,False,True,False,False,True,False,True,True,50.0,79154_542969.jpg
85798_493736.jpg,2000,,1.0,15.96,,2.954,41.62,85.318,3.019,13.729,2.965,4.675,21.058,,3.693,0.001224,,,True,True,False,False,False,False,True,False,37.5,85798_493736.jpg
85798_493737.jpg,2000,,1.0,20.601,,4.511,66.857,79.676,3.215,13.401,3.464,7.236,21.055,,3.794,0.001002,,,True,True,False,False,True,False,False,False,37.5,85798_493737.jpg
